{"cameraMode":{"drawMode":0,"name":"Shaded","section":"Shading Mode"},"sceneLighting":false,"audioPlay":false,"sceneViewState":{"showFog":true,"showMaterialUpdate":false,"showSkybox":true,"showFlares":true,"showImageEffects":true,"showParticleSystems":true},"in2DMode":false,"pivot":{"x":-0.20999997854232789,"y":0.5099999904632568,"z":0.8700000047683716},"rotation":{"x":0.010182551108300686,"y":0.9675323963165283,"z":-0.2494339793920517,"w":0.03949866443872452},"size":17.363672256469728,"orthographic":false}