{"cameraMode":{"drawMode":0,"name":"Shaded","section":"Shading Mode"},"sceneLighting":false,"audioPlay":false,"sceneViewState":{"showFog":true,"showMaterialUpdate":false,"showSkybox":true,"showFlares":true,"showImageEffects":true,"showParticleSystems":true},"in2DMode":false,"pivot":{"x":-1.0498318672180176,"y":3.8165626525878908,"z":-2.939317226409912},"rotation":{"x":0.0007428358076140285,"y":0.9992523789405823,"z":-0.02579664997756481,"w":0.02878807671368122},"size":15.870619773864746,"orthographic":false}