{"cameraMode":{"drawMode":0,"name":"Shaded","section":"Shading Mode"},"sceneLighting":false,"audioPlay":false,"sceneViewState":{"showFog":true,"showMaterialUpdate":false,"showSkybox":true,"showFlares":true,"showImageEffects":true,"showParticleSystems":true},"in2DMode":false,"pivot":{"x":-1.5981693267822266,"y":-0.152130126953125,"z":-2.181087017059326},"rotation":{"x":-0.14393895864486695,"y":0.6901114583015442,"z":-0.14299143850803376,"w":-0.6946806907653809},"size":19.429107666015626,"orthographic":false}