{"cameraMode":{"drawMode":0,"name":"Shaded","section":"Shading Mode"},"sceneLighting":false,"audioPlay":false,"sceneViewState":{"showFog":true,"showMaterialUpdate":false,"showSkybox":true,"showFlares":true,"showImageEffects":true,"showParticleSystems":true},"in2DMode":false,"pivot":{"x":0.13725781440734864,"y":-0.8394255042076111,"z":-3.9847822189331056},"rotation":{"x":0.005387546960264444,"y":0.9940674304962158,"z":-0.09152280539274216,"w":0.058520231395959857},"size":15.092855453491211,"orthographic":false}