{"cameraMode":{"drawMode":0,"name":"Shaded","section":"Shading Mode"},"sceneLighting":false,"audioPlay":false,"sceneViewState":{"showFog":true,"showMaterialUpdate":false,"showSkybox":true,"showFlares":true,"showImageEffects":true,"showParticleSystems":true},"in2DMode":false,"pivot":{"x":-10.554367065429688,"y":-1.632718801498413,"z":10.312366485595704},"rotation":{"x":-0.0975896343588829,"y":0.42757508158683779,"z":-0.04649209603667259,"w":-0.8974933624267578},"size":18.161937713623048,"orthographic":false}