{"cameraMode":{"drawMode":0,"name":"Shaded","section":"Shading Mode"},"sceneLighting":true,"audioPlay":false,"sceneViewState":{"showFog":true,"showMaterialUpdate":false,"showSkybox":true,"showFlares":true,"showImageEffects":true,"showParticleSystems":true},"in2DMode":false,"pivot":{"x":31.70575523376465,"y":-22.31344985961914,"z":-16.328290939331056},"rotation":{"x":0.14565348625183106,"y":0.8331853747367859,"z":-0.2607608437538147,"w":0.46539339423179629},"size":52.326568603515628,"orthographic":false}