{"cameraMode":{"drawMode":0,"name":"Shaded","section":"Shading Mode"},"sceneLighting":false,"audioPlay":false,"sceneViewState":{"showFog":true,"showMaterialUpdate":false,"showSkybox":true,"showFlares":true,"showImageEffects":true,"showParticleSystems":true},"in2DMode":false,"pivot":{"x":0.0,"y":0.8685543537139893,"z":0.01309552788734436},"rotation":{"x":-0.014149071648716927,"y":0.9489817023277283,"z":-0.043027423322200778,"w":-0.31206122040748598},"size":3.79679536819458,"orthographic":false}