{"cameraMode":{"drawMode":0,"name":"Shaded","section":"Shading Mode"},"sceneLighting":true,"audioPlay":false,"sceneViewState":{"showFog":true,"showMaterialUpdate":false,"showSkybox":true,"showFlares":true,"showImageEffects":true,"showParticleSystems":true},"in2DMode":false,"pivot":{"x":-5.315736293792725,"y":0.8439422845840454,"z":2.549215316772461},"rotation":{"x":-0.04223273694515228,"y":0.599172055721283,"z":-0.03167557716369629,"w":-0.7988779544830322},"size":7.146995544433594,"orthographic":false}