{"cameraMode":{"drawMode":0,"name":"Shaded","section":"Shading Mode"},"sceneLighting":true,"audioPlay":false,"sceneViewState":{"showFog":true,"showMaterialUpdate":false,"showSkybox":true,"showFlares":true,"showImageEffects":true,"showParticleSystems":true},"in2DMode":false,"pivot":{"x":37.36655807495117,"y":-10.222476959228516,"z":-2.089266300201416},"rotation":{"x":0.08013000339269638,"y":0.7654806971549988,"z":-0.09720633924007416,"w":0.6310067772865295},"size":62.690155029296878,"orthographic":false}