{"cameraMode":{"drawMode":0,"name":"Shaded","section":"Shading Mode"},"sceneLighting":true,"audioPlay":false,"sceneViewState":{"showFog":true,"showMaterialUpdate":false,"showSkybox":true,"showFlares":true,"showImageEffects":true,"showParticleSystems":true},"in2DMode":false,"pivot":{"x":-38.534210205078128,"y":-49.93572235107422,"z":-34.579322814941409},"rotation":{"x":-0.1479278802871704,"y":0.8509924411773682,"z":-0.3323378264904022,"w":-0.378788560628891},"size":77.45507049560547,"orthographic":false}