{"cameraMode":{"drawMode":0,"name":"Shaded","section":"Shading Mode"},"sceneLighting":true,"audioPlay":false,"sceneViewState":{"showFog":true,"showMaterialUpdate":true,"showSkybox":true,"showFlares":true,"showImageEffects":true,"showParticleSystems":true},"in2DMode":false,"pivot":{"x":45.40940856933594,"y":-28.335464477539064,"z":-83.6676025390625},"rotation":{"x":-0.029944561421871187,"y":-0.9694809913635254,"z":0.15427908301353455,"w":-0.1881697177886963},"size":123.62187957763672,"orthographic":false}