{"cameraMode":{"drawMode":0,"name":"Shaded","section":"Shading Mode"},"sceneLighting":true,"audioPlay":false,"sceneViewState":{"showFog":true,"showMaterialUpdate":true,"showSkybox":true,"showFlares":true,"showImageEffects":true,"showParticleSystems":true},"in2DMode":false,"pivot":{"x":28.446090698242189,"y":-19.19702911376953,"z":16.49933433532715},"rotation":{"x":-0.13584917783737184,"y":-0.8296616673469544,"z":0.22989733517169953,"w":-0.4902588725090027},"size":56.38690185546875,"orthographic":false}