{"cameraMode":{"drawMode":0,"name":"Shaded","section":"Shading Mode"},"sceneLighting":true,"audioPlay":false,"sceneViewState":{"showFog":true,"showMaterialUpdate":true,"showSkybox":true,"showFlares":true,"showImageEffects":true,"showParticleSystems":true},"in2DMode":false,"pivot":{"x":23.283803939819337,"y":1.5068302154541016,"z":15.917776107788086},"rotation":{"x":-0.13216730952262879,"y":-0.8313632607460022,"z":0.2236672043800354,"w":-0.4912634789943695},"size":56.70234680175781,"orthographic":false}