{"cameraMode":{"drawMode":0,"name":"Shaded","section":"Shading Mode"},"sceneLighting":true,"audioPlay":false,"sceneViewState":{"showFog":true,"showMaterialUpdate":true,"showSkybox":true,"showFlares":true,"showImageEffects":true,"showParticleSystems":true},"in2DMode":false,"pivot":{"x":-3.6326169967651369,"y":-7.564833641052246,"z":-25.212902069091798},"rotation":{"x":-0.02710537798702717,"y":0.9581578373908997,"z":-0.09692066162824631,"w":-0.26796501874923708},"size":27.92789077758789,"orthographic":false}