{"cameraMode":{"drawMode":0,"name":"Shaded","section":"Shading Mode"},"sceneLighting":true,"audioPlay":false,"sceneViewState":{"showFog":true,"showMaterialUpdate":true,"showSkybox":true,"showFlares":true,"showImageEffects":true,"showParticleSystems":true},"in2DMode":false,"pivot":{"x":-1.9456450939178467,"y":-5.645505905151367,"z":-16.897781372070314},"rotation":{"x":-0.028784392401576043,"y":0.970867395401001,"z":-0.1544969379901886,"w":-0.18088281154632569},"size":25.15137481689453,"orthographic":false}