{"cameraMode":{"drawMode":0,"name":"Shaded","section":"Shading Mode"},"sceneLighting":true,"audioPlay":false,"sceneViewState":{"showFog":true,"showMaterialUpdate":true,"showSkybox":true,"showFlares":true,"showImageEffects":true,"showParticleSystems":true},"in2DMode":false,"pivot":{"x":14.127614974975586,"y":0.8869284987449646,"z":32.81495666503906},"rotation":{"x":0.06835771352052689,"y":-0.9249832034111023,"z":0.20036013424396516,"w":0.31557750701904299},"size":10.651243209838868,"orthographic":false}