{"cameraMode":{"drawMode":0,"name":"Shaded","section":"Shading Mode"},"sceneLighting":true,"audioPlay":false,"sceneViewState":{"showFog":true,"showMaterialUpdate":true,"showSkybox":true,"showFlares":true,"showImageEffects":true,"showParticleSystems":true},"in2DMode":false,"pivot":{"x":-4.279687404632568,"y":0.16605687141418458,"z":-1.2667924165725709},"rotation":{"x":-0.03904997184872627,"y":0.8523416519165039,"z":-0.06431125104427338,"w":-0.5175451040267944},"size":12.459425926208496,"orthographic":false}