{"cameraMode":{"drawMode":0,"name":"Shaded","section":"Shading Mode"},"sceneLighting":true,"audioPlay":false,"sceneViewState":{"showFog":true,"showMaterialUpdate":true,"showSkybox":true,"showFlares":true,"showImageEffects":true,"showParticleSystems":true},"in2DMode":false,"pivot":{"x":-3.3942697048187258,"y":-0.6666768193244934,"z":-6.875560760498047},"rotation":{"x":-0.045387014746665958,"y":0.9398762583732605,"z":-0.13802263140678407,"w":-0.3090669512748718},"size":13.511899948120118,"orthographic":false}